96,34.12,1,7,0,2340.676664,2814,922,1221
141,50.38,1,1,0,0,2799,955,1191
122,42.82,1,0,0,0,2849,978,1211
106,38.1,0,0,0,0,2782,910,1238
97,31.93,7,2,0,0,3038,1044,1294
104,40.12,8,7,0,0,2592,848,1125
128,47.6,6,17,0,0,2689,921,1117
106,38.81,3,1,0,94.95571884,2731,915,1168
101,41.51,0,0,0,0,2433,873,1019
137,45.3,2,0,0,0,3024,1039,1301
114,39.11,0,0,0,0,2915,971,1280
91,28.85,0,0,0,0,3154,1076,1297
109,42.2,5,13,0,0,2583,897,1112
99,39.63,13,64,0,135.8476048,2498,818,1120
122,44.03,2,0,0,0,2771,955,1199
144,56.29,2,1,0,0,2558,867,1096
128,42.02,7,28,0,0,3046,1065,1309
90,34.36,2,13,0,68.34596097,2619,895,1166
101,36.54,1,3,0,0,2764,947,1213
109,39.61,0,0,0,0,2752,935,1197
115,41.04,1,0,0,0,2802,960,1188
82,29.35,2,15,0,655.3543446,2794,841,1293
143,49.17,3,4,0,0,2908,957,1282
132,48.71,3,7,0,0,2710,905,1139
160,57.02,0,0,0,0,2806,982,1163
123,42.2,5,9,0,0,2915,968,1246
83,30.7,1,2,0,0,2704,874,1256
70,25.95,2,3,0,0,2698,779,1268
115,41.64,2,1,0,0,2762,952,1204
135,44.6,3,2,0,1386.103576,3027,1025,1276
91,35.48,0,0,0,0,2565,907,1052
82,26.43,3,7,0,0,3102,887,1446
134,48.66,3,5,0,0,2754,899,1199
114,39.76,3,3,0,0,2867,934,1298
104,38.11,0,0,0,0,2729,982,1157
128,49.9,8,11,0,0,2565,862,1124
123,41.74,1,0,0,0,2947,971,1303
96,39.12,2,5,0,0,2454,688,1136
79,27.99,2,13,0,0,2822,989,1261
117,42.5,5,15,0,0,2753,863,1230
77,26.2,2,0,0,0,2939,921,1297
142,46.71,0,0,0,0,3040,1049,1336
70,23.41,9,28,0,594.701289,2990,967,1366
67,23.24,0,0,0,0,2883,861,1318
126,48.09,0,0,0,233.3887299,2620,908,1148
104,35.16,3,14,0,0,2958,982,1337
135,30.05,9,31,0,588.2626303,4492,1349,1947
103,32.84,4,5,0,0,3136,985,1396
140,44.9,0,0,0,0,3118,932,1355
142,50.55,1,1,0,0,2809,963,1181
110,43.38,8,22,0,2577.595325,2536,838,1140
93,32.61,15,23,0,0,2852,986,1301
112,38.94,3,2,0,0,2876,948,1294
111,39.4,1,7,0,0,2817,913,1248
108,33.58,2,1,0,0,3216,968,1376
115,37.5,1,5,0,0,3067,908,1311
89,32.59,2,6,0,0,2731,791,1219
137,44.73,0,0,0,0,3063,939,1287
90,35.45,1,3,0,0,2539,770,1153
132,47.74,2,7,0,0,2765,987,1175
122,42.35,0,0,0,0,2881,952,1285
120,43.01,1,0,0,0,2790,914,1207
77,31.67,1,4,0,0,2431,729,1079
116,44.87,0,0,0,0,2585,867,1104
119,42.9,4,19,0,1981.000881,2774,852,1187
99,35.86,5,15,0,0,2761,912,1245
118,42.29,2,5,0,0,2790,915,1202
126,40.1,4,2,0,1613.880239,3142,940,1415
126,44.01,0,0,0,0,2863,901,1202
105,37.31,0,0,0,0,2814,882,1217
115,42.42,2,4,0,0,2711,796,1153
134,45.44,6,6,0,0,2949,983,1207
152,48.53,2,0,0,0,3132,1112,1367
129,46.14,0,0,0,0,2796,891,1226
117,40.08,0,0,0,0,2919,812,1300
97,38.25,3,1,0,0,2536,936,1090
109,38.94,0,0,0,0,2799,919,1167
99,40.41,8,72,0,1621.73067,2450,777,1053
105,36.89,0,0,0,0,2846,923,1223
109,41.48,0,0,0,0,2628,849,1099
129,45.66,5,3,0,0,2825,915,1382
123,42.31,6,26,0,0,2907,911,1314
106,37.43,3,0,0,0,2832,926,1224
113,39.26,5,8,0,0,2878,957,1236
110,38.13,6,171,0,953.333017,2885,861,1299
104,34.91,6,57,0,1008.839537,2979,921,1287
157,54.34,9,22,0,0,2889,969,1210
121,44.98,0,0,0,0,2690,916,1139
132,49.59,4,11,0,921.2976778,2662,848,1177
92,38.92,9,43,0,0,2364,832,957
152,51.3,0,0,0,0,2963,1031,1283
88,33.86,2,4,0,0,2599,870,1066
147,47.57,0,0,0,1941.226548,3090,996,1295
103,39.77,4,1,0,0,2590,875,1141
122,40.32,5,18,0,0,3026,1009,1390
115,38.23,5,17,0,0,3008,939,1329
144,46.17,1,49,1,0,3119,1084,1377
123,45.49,4,5,0,0,2704,860,1187
82,33.51,1,6,0,2582.331441,2447,774,1054
110,36.61,1,0,0,0,3005,1085,1313
109,38.98,0,0,0,0,2796,937,1190
129,45.29,1,2,0,0,2848,893,1283
140,45.22,6,5,0,0,3096,994,1419
102,42.79,0,0,0,0,2384,758,1083
111,40.84,6,50,0,0,2718,866,1210
82,31.7,7,19,0,0,2587,822,1199
114,35.57,3,4,0,2204.043527,3205,963,1385
97,18.32,4,33,0,5093.804829,5295,1474,2543
89,33.72,3,46,0,2077.248688,2639,850,1075
125,43.66,1,0,0,0,2863,979,1237
147,49.81,0,0,0,0,2951,976,1300
109,40.21,2,1,0,0,2711,818,1334
87,31.06,0,0,0,0,2801,866,1204
104,40.29,1,0,0,0,2581,868,1171
83,27.86,2,41,0,3953.232704,2979,872,1331
132,45.44,2,1,0,0,2905,1002,1193
125,48.58,0,0,0,0,2573,874,1077
93,32.04,0,0,0,0,2903,867,1257
302,45.12,23,70,1,4541.67502,6694,2393,2132
113,43.39,20,13,0,0,2604,818,1163
123,42.41,3,4,0,0,2900,1008,1256
87,31.21,1,6,0,0,2788,810,1149
62,23.08,1,0,0,0,2686,820,1157
85,27.77,11,97,0,0,3061,947,1307
102,36.88,0,0,0,0,2766,884,1215
144,45.86,4,8,0,0,3140,1000,1381
105,38.72,4,7,0,0,2712,782,1198
89,31.36,3,19,0,0,2838,828,1192
74,22.56,7,5,0,0,3280,887,1471
121,43.17,0,0,0,0,2803,981,1222
118,48.58,0,0,0,0,2429,907,994
140,52.93,0,0,0,0,2645,1025,987
113,36.15,18,88,0,0,3126,1031,1387
82,31.12,9,9,0,0,2635,745,1113
137,47.21,0,0,0,0,2902,930,1131
141,49.61,1,2,0,0,2842,926,1206
104,36.85,3,13,0,0,2822,855,1317
74,30.63,1,3,0,0,2416,740,1102
0,,0,0,0,10690.52963,0,0,0
142,39.88,8,184,0,0,3561,1122,1487
106,32.49,4,12,0,0,3263,1040,1450
117,44.37,8,18,0,0,2637,823,1181
104,32.54,6,15,0,0,3196,1046,1422
97,33.4,0,0,0,0,2904,900,1324
127,39.65,0,0,0,0,3203,1022,1402
122,41.98,2,0,0,0,2906,966,1213
157,52.86,0,0,0,0,2970,988,1241
102,36.21,14,60,0,0,2817,904,1226
150,56.52,0,0,0,0,2654,883,1089
137,48.43,1,0,0,0,2829,958,1214
104,40.19,1,0,0,0,2588,849,1161
156,57.33,0,0,0,0,2721,861,1068
105,36.66,19,193,0,0,2864,955,1313
129,44.39,4,31,0,0,2906,963,1246
119,37.54,5,116,0,0,3170,1010,1367
135,58.77,5,9,0,0,2297,794,940
141,52.26,8,22,0,0,2698,839,1162
141,49.35,5,4,0,0,2857,898,1212
89,33.32,0,0,0,0,2671,854,1228
152,57.04,0,0,0,0,2665,896,1117
133,48.35,1,14,0,0,2751,910,1228
100,37.81,5,3,0,0,2645,837,1165
126,41.54,2,3,0,0,3033,1000,1345
120,34.89,3,1519,1,3303.472957,3439,1065,1689
134,43.81,2,7,0,0,3059,1046,1314
104,31.11,6,15,0,0,3343,1076,1462
144,42.18,2,4,0,0,3414,1046,1452
148,53.66,0,0,0,71015.44744,2758,871,1200
121,33.71,1,4,0,0,3589,959,1647
106,36.29,2,2,0,0,2921,927,1385
185,55.81,5,7,0,0,3315,1035,1447
112,40.58,2,5,0,0,2760,870,1190
123,37.36,0,0,0,0,3292,953,1427
100,34.78,0,0,0,0,2875,906,1276
100,35.6,0,0,0,0,2809,889,1213
96,27.12,1,4,0,0,3540,934,1576
117,33.67,1,2,1,0,3475,1099,1595
127,44.77,2,0,2,0,2837,891,1238
121,42.43,0,0,0,0,2852,913,1212
116,41.08,5,51,0,0,2824,985,1136
99,38.22,0,0,0,0,2590,932,1050
130,47.57,1,0,0,0,2733,901,1124
120,39.2,2,0,0,0,3061,1035,1307
126,47.24,8,9,0,0,2667,921,1121
93,37.59,0,0,0,0,2474,819,1058
95,33.02,1,0,0,0,2877,1017,1144
103,42.37,2,3,0,0,2431,767,1071
119,36.98,0,0,0,0,3218,1028,1384
125,44.58,1,3,0,0,2804,946,1152
92,30.92,4,7,0,0,2975,966,1274
81,28.22,1,0,0,0,2870,936,1246
117,33.04,1,10,0,0,3541,1098,1555
114,20.16,6,35,0,0,5655,1527,2786
0,,0,0,0,0,0,0,0
73,17.11,1,2,0,0,4267,1068,2159
117,43.56,1,2,0,0,2686,920,1123
150,49.05,1,2,0,0,3058,1020,1245
139,46.85,3,6,0,0,2967,1039,1276
115,42.58,0,0,0,0,2701,941,1138
92,30.15,3,19,0,0,3051,1029,1386
102,41.26,2,3,0,0,2472,855,1053
122,48.61,0,0,0,0,2510,874,1013
112,38.08,0,0,0,0,2941,1075,1167
117,42.16,8,14,0,0,2775,1006,1106
114,46.97,5,42,0,0,2427,827,1063
136,50.5,1,0,0,0,2693,958,1138
111,42.3,1,0,0,0,2624,884,1086
161,56.89,4,13,0,0,2830,1043,1107
138,51.36,1,0,0,0,2687,946,1130
117,47.35,5,7,0,0,2471,847,1034
109,45.84,4,4,0,0,2378,790,1025
120,42.54,0,0,0,0,2821,1018,1129
130,42.33,5,3,0,0,3071,1012,1345
209,55.85,1,0,0,0,3742,1290,1513
123,47.73,0,0,0,0,2577,873,1039
168,48.85,5,10,0,0,3439,1175,1473
114,43.4,3,2,0,0,2627,869,1131
110,43.96,1,3,0,0,2502,845,1010
102,34.81,1,0,2,0,2930,970,1242
136,48.26,9,15,0,0,2818,976,1140
128,43.58,0,0,0,0,2937,960,1185
113,32.91,2,32,0,455.1897873,3434,1145,1433
123,43.02,11,30,0,0,2859,969,1174
0,,0,0,0,0,0,0,0
124,41.24,0,0,0,0,3007,1066,1265
97,35.6,0,0,0,0,2725,896,1122
168,56.07,0,0,0,0,2996,1036,1237
124,46.69,0,0,0,0,2656,900,1040
109,40.87,0,0,0,0,2667,962,1015
99,38.11,1,0,0,986.6520005,2598,854,1026
127,46.42,0,0,0,0,2736,999,1093
168,52.62,0,0,0,0,3193,1093,1308
120,45.23,2,1,0,0,2653,830,1058
146,52.22,0,0,0,0,2796,955,1142
138,51.57,1,0,0,0,2676,900,1077
133,41.84,0,0,0,0,3179,1022,1326
136,44.43,2,2,0,0,3061,1032,1238
123,42.71,0,0,0,0,2880,956,1179
99,35.68,0,0,0,0,2775,899,1118
167,53.96,2,1,0,0,3095,979,1331
98,40.26,7,2,0,0,2434,842,931
142,46.27,4,6,0,1213.07665,3069,1099,1232
111,38.73,5,4,0,0,2866,968,1144
105,39.91,0,0,0,0,2631,870,1067
111,41.57,0,0,0,0,2670,948,1091
120,42.81,5,37,0,0,2803,979,1159
110,41.64,0,0,0,0,2642,949,1096
136,53.82,0,0,0,0,2527,910,990
109,36.91,1,5,0,0,2953,984,1380
117,39.65,5,18,0,0,2951,1023,1288
157,51.32,0,0,0,0,3059,1134,1201
123,42.43,3,3,0,0,2899,1004,1214
169,52.8,0,0,0,0,3201,1187,1241
164,58.14,8,39,0,0,2821,987,1137
112,38.26,1,0,0,0,2927,1004,1277
121,34.93,0,0,0,0,3464,1094,1547
126,38.78,0,0,0,0,3249,1104,1413
150,51.76,1,0,0,0,2898,1025,1159
147,52.46,15,22,0,0,2802,1007,1095
135,48.42,7,8,0,0,2788,984,1124
163,62.17,1,1,0,0,2622,949,1057
130,40.83,0,0,0,0,3184,1200,1375
132,44.09,7,57,0,0,2994,1032,1240
151,46.18,6,9,0,0,3270,1107,1450
161,52.39,3,5,0,0,3073,1122,1178
117,45.45,2,14,0,0,2574,929,1060
131,51.92,13,22,0,0,2523,865,1015
127,31.17,5,10,0,0,4075,1463,1749
114,40.71,1,4,0,0,2800,1026,1216
117,39.84,3,9,0,0,2937,961,1299
143,53.52,2,4,0,0,2672,938,1067
148,47.63,5,29,0,0,3107,1071,1202
183,43.16,11,10,0,0,4240,1497,1736
99,33.32,1,3,0,0,2971,973,1254
172,51.57,1,1,0,0,3335,1192,1367
146,43.08,0,0,0,0,3389,1171,1373
152,52.76,3,7,0,0,2881,1032,1138
124,39.09,2,0,0,0,3172,1053,1318
136,46.77,10,20,0,0,2908,1076,1200
173,52.11,15,83,0,0,3320,1142,1308
183,53.63,0,0,0,0,3412,1211,1442
152,44.11,1,0,0,0,3446,1160,1366
152,47.68,3,3,0,0,3188,1101,1318
156,49.37,0,0,0,0,3160,1194,1278
148,41.71,4,2,0,0,3548,1150,1527
165,49.76,6,12,0,0,3316,1153,1359
151,40.03,8,32,0,0,3772,1295,1579
192,44.92,12,88,0,0,4274,1457,1802
133,42.08,1,0,0,0,3161,1138,1304
158,54.56,3,27,0,0,2896,1026,1168
125,35.85,4,0,0,0,3487,1184,1519
162,52.72,8,144,0,0,3073,1129,1239
112,42.7,8,515,0,705.5161127,2623,912,1075
97,36.8,1,0,0,0,2636,871,1204
227,58.46,4,21,0,0,3883,1381,1553
136,45.7,7,58,0,0,2976,1024,1267
273,43.23,2,6,0,0,6315,2323,1878
111,39.78,0,0,3,0,2790,944,1270
252,59.04,6,21,0,0,4268,1550,1580
104,37.22,0,0,0,0,2794,1001,1228
122,36.97,0,0,0,0,3300,1192,1424
160,52.03,6,10,0,0,3075,1112,1296
102,38.99,3,2,0,0,2616,872,1189
152,52.25,2,0,0,0,2909,998,1203
116,38.06,5,18,0,0,3048,1005,1295
0,0,1,18,0,36368.13494,12,6,4
136,54.08,2,0,0,0,2515,898,980
133,41.54,3,19,0,0,3202,1042,1340
115,39.79,0,0,0,84.35928069,2890,889,1318
141,47.05,0,0,0,0,2997,1091,1190
131,33.66,7,31,0,0,3892,1287,1635
103,32.32,5,3,0,0,3187,1128,1286
83,28.04,0,0,0,1725.66171,2960,872,1289
130,36.48,2,0,0,0,3564,1219,1453
157,45.24,0,0,0,3399.283513,3470,1188,1385
124,38.4,0,0,0,0,3229,1140,1315
160,53.8,1,0,0,0,2974,991,1248
103,34.26,3,3,0,0,3006,1007,1311
113,55.26,0,0,0,0,2045,666,939
57,26.77,0,0,0,0,2129,647,877
62,24.1,0,0,0,9197.83493,2573,801,1079
226,47.15,6,83,0,54106.46438,4793,1710,2072
0,,0,0,0,0,0,0,0
113,33.25,1,1,0,8976.173514,3398,1102,1582
147,46.15,0,0,0,584.7685919,3185,1007,1334
100,33.5,3,47,0,1783.653981,2985,984,1328
98,27.45,7,21,0,0,3570,977,1548
98,36.75,0,0,0,0,2667,867,1169
120,40.32,0,0,0,0,2976,1002,1288
0,,0,0,0,0,0,0,0
133,39.88,2,30,0,0,3335,1012,1556
141,45.9,1,0,0,0,3072,1012,1298
114,40.67,4,1,0,0,2803,895,1254
110,38.38,0,0,0,0,2866,945,1233
108,40.72,2,4,0,0,2652,892,1263
116,40.99,5,19,0,0,2830,965,1228
139,47.98,1,1,0,0,2897,1024,1206
102,42.01,2,2,0,0,2428,784,1110
136,48.35,4,4,0,0,2813,985,1163
133,45.69,2,64,0,0,2911,995,1233
125,38.11,5,31,0,0,3280,1014,1460
148,52.13,0,0,0,0,2839,978,1251
117,38.94,0,0,0,0,3005,944,1353
130,47.74,0,0,0,0,2723,873,1284
130,47.69,1,0,0,1042.838121,2726,910,1159
129,41.65,6,6,0,0,3097,1126,1294
178,56.71,1,0,0,0,3139,1100,1366
106,39.07,14,75,0,0,2713,906,1269
148,51.41,1,0,0,0,2879,982,1277
116,38.94,2,1,0,0,2979,993,1332
112,35.65,2,0,0,0,3142,1041,1426
132,47.01,1,1,0,0,2808,975,1273
127,47.71,6,7,0,0,2662,882,1199
140,47.49,0,0,0,0,2948,1000,1235
102,34.01,4,4,0,0,2999,989,1347
102,38.83,4,22,0,0,2627,870,1181
89,33.62,9,0,0,0,2647,974,1203
82,29.38,0,0,0,0,2791,861,1243
82,31.71,1,0,0,0,2586,844,1159
125,43.97,4,11,0,7252.531776,2843,954,1170
110,39.65,5,4,0,0,2774,852,1345
122,38.29,11,110,0,818.1236649,3186,1065,1382
109,40.33,2,1,0,0,2703,868,1208
128,43.24,1,0,0,0,2960,959,1331
132,47.29,0,0,0,0,2791,904,1243
122,37.75,4,16,1,0,3232,1057,1443
135,46.44,4,11,0,0,2907,989,1250
129,41.03,1,1,0,3204.458072,3144,1029,1398
89,28.5,4,13,0,0,3123,1047,1476
86,26.45,0,0,0,0,3251,1114,1477
129,42.23,13,23,0,1373.859638,3055,1060,1283
136,46.74,7,5,0,0,2910,976,1268
126,44.1,0,0,0,0,2857,947,1284
102,36.06,3,2,0,0,2829,915,1229
92,33.97,1,6,0,0,2708,849,1244
123,44.5,3,11,0,0,2764,947,1290
90,37.83,3,6,0,0,2379,796,1120
95,33.04,1,5,0,0,2875,910,1287
85,32.09,4,4,0,874.2496347,2649,883,1211
96,34.81,8,12,0,0,2758,909,1210
95,33.31,5,13,0,0,2852,985,1315
125,39.44,1,1,0,0,3169,1049,1361
95,35,1,0,0,0,2714,876,1256
137,46.22,4,6,0,0,2964,954,1275
142,47.25,0,0,0,0,3005,936,1307
172,50.98,1,1,0,0,3374,1075,1478
115,40.45,3,1,0,933.6566912,2843,911,1271
127,44.8,3,4,0,0,2835,1002,1172
0,,0,0,0,0,0,0,0
81,29.38,0,0,0,0,2757,916,1307
153,49.89,1,1,0,0,3067,1016,1345
132,46.3,0,0,0,0,2851,942,1289
99,35.64,0,0,0,0,2778,950,1216
75,26.72,1,3,0,603.0890351,2807,963,1222
141,48.35,5,1,0,0,2916,981,1230
119,44.45,3,6,0,0,2677,851,1232
152,48.22,1,4,0,0,3152,916,1285
124,44.16,4,6,0,0,2808,939,1260
91,38.19,1,0,0,0,2383,831,1102
95,34.41,4,6,0,0,2761,914,1295
117,42.78,0,0,0,0,2735,822,1254
138,42.68,2,7,0,0,3233,924,1470
130,41.14,1,10,0,0,3160,1063,1298
122,41.48,7,21,0,7010.37752,2941,887,1382
130,43.1,1,0,0,0,3016,866,1378
106,40.9,4,5,0,0,2592,846,1133
81,30.31,2,20,1,0,2672,858,1174
125,42.79,1,4,0,0,2921,917,1237
110,42.49,0,0,0,0,2589,872,1091
156,57.06,0,0,0,0,2734,855,1184
94,33.48,5,6,0,1195.595885,2808,872,1269
118,39.41,4,15,0,0,2994,955,1365
132,44.85,2,7,0,1322.316218,2943,998,1327
110,40.86,1,7,0,0,2692,873,1266
140,49.04,2,2,0,0,2855,919,1256
113,39.82,4,100,0,873.2194435,2838,870,1318
152,51.35,1,1,0,0,2960,963,1305
70,25.44,1,8,0,0,2752,959,1233
126,48.95,0,0,0,0,2574,767,1198
113,40.27,1,1,0,0,2806,929,1287
114,38.91,5,17,0,571.9346203,2930,942,1280
87,29.66,0,0,0,0,2933,937,1320
136,46.67,3,4,0,0,2914,924,1290
152,46.45,5,7,0,814.5217298,3272,1090,1368
85,29.84,2,4,0,0,2849,889,1336
127,38.9,5,1396,0,0,3265,1109,1371
128,38.71,2,8,0,1837.456126,3307,1100,1471
88,31.55,1,4,0,0,2789,891,1305
118,39.19,3,0,0,1624.918102,3011,976,1335
133,47.7,0,0,0,823.9523771,2788,930,1226
137,43.16,2,0,0,0,3174,1038,1356
139,49.27,11,12,0,0,2821,936,1160
126,35.92,3,3,0,4173.402774,3508,1176,1504
122,46.26,10,8,0,1546.683585,2637,892,1198
120,40.46,0,0,0,1938.174877,2966,976,1294
83,31.86,2,4,0,1133.161616,2605,800,1232
114,42.86,1,0,1,0,2660,908,1109
89,33.6,1,0,0,0,2649,830,1186
129,51.05,13,27,0,0,2527,883,1074
114,41.8,1,2,0,3268.552919,2727,893,1178
0,,0,0,0,5106.058824,0,0,0
106,29.9,1,1,0,0,3545,1064,1631
123,41.61,1,0,0,2319.13797,2956,1002,1237
128,49.1,0,0,0,0,2607,859,1139
97,35.56,0,0,0,0,2728,937,1129
111,39.99,1,3,0,0,2776,874,1252
99,38.22,0,0,0,0,2590,889,1069
269,44.51,6,12,0,0,6044,2208,2005
126,43.64,3,3,0,0,2887,965,1273
141,49.2,4,9,0,0,2866,982,1190
132,42.68,3,1,0,0,3093,1045,1341
117,40.37,1,0,0,0,2898,911,1250
101,34.17,0,0,0,0,2956,873,1344
157,57.43,6,2,0,0,2734,934,1164
107,35.43,0,0,0,0,3020,1031,1363
103,36.77,0,0,0,0,2801,933,1272
117,38.66,3,4,0,0,3026,1063,1253
130,46.07,7,13,0,0,2822,976,1196
122,42.17,1,1,0,0,2893,976,1290
139,49.33,0,0,0,0,2818,929,1257
150,52.52,1,1,0,0,2856,973,1287
123,33.19,2,3,0,0,3706,1135,1733
123,41.98,0,0,0,0,2930,1047,1290
141,50.04,0,0,0,0,2818,926,1222
124,42.29,0,0,0,0,2932,881,1302
80,30.56,0,0,0,0,2618,798,1217
116,45.03,0,0,0,0,2576,896,1080
88,31.93,0,0,0,0,2756,832,1231
95,28.74,0,0,0,0,3305,1002,1525
121,43.28,1,3,0,0,2796,946,1257
96,35.27,0,0,0,0,2722,915,1159
129,46.72,1,1,0,0,2761,920,1174
97,37.48,6,8,0,0,2588,897,1162
138,43.55,4,8,0,0,3169,1035,1435
189,63.04,1,1,0,0,2998,991,1181
123,43.4,8,18,0,0,2834,961,1184
128,40.47,1,0,0,0,3163,1065,1427
152,51.65,6,16,0,350.8862384,2943,940,1270
177,43.1,5,4,0,0,4107,1321,1759
126,40.59,3,4,0,0,3104,1049,1283
118,43.33,7,11,0,0,2723,921,1235
109,44.02,4,368,0,0,2476,833,1086
114,35.37,6,20,0,0,3223,1117,1440
95,35.58,4,5,0,0,2670,857,1206
130,42.33,4,20,0,0,3071,1000,1319
97,32.11,1,0,0,0,3021,1055,1321
111,36.11,0,0,0,0,3074,958,1402
94,36.27,6,20,0,0,2592,869,1134
55,18.83,0,0,0,0,2921,871,1325
169,41.82,3,5,0,0,4041,1432,1456
75,20.93,1,0,0,0,3584,1023,1629
116,39,7,41,0,0,2974,958,1322
111,38.33,7,12,0,0,2896,944,1281
118,43.21,5,11,0,0,2731,944,1162
120,41.81,10,61,0,0,2870,969,1211
119,45.68,3,13,0,0,2605,847,1125
114,37.29,6,32,0,0,3057,963,1384
72,25.4,0,0,0,0,2835,885,1256
0,,0,0,0,0,0,0,0
81,28.49,0,0,0,0,2843,921,1329
72,26.57,1,1,0,0,2710,815,1282
105,40.29,6,2,0,0,2606,840,1139
85,29.79,4,41,0,0,2853,981,1241
128,45.17,10,21,0,0,2834,898,1288
86,31.06,4,7,0,0,2769,850,1246
102,39.4,1,8,0,0,2589,871,1100
113,41.9,0,0,0,0,2697,916,1129
105,37.42,5,10,0,0,2806,939,1242
121,40.07,6,4,0,0,3020,955,1326
112,41.5,5,11,0,0,2699,858,1222
95,33.78,7,77,0,0,2812,880,1284
90,31.17,2,3,0,0,2887,903,1252
96,37.14,1,0,0,0,2585,899,1099
80,29.83,1,0,0,0,2682,862,1226
109,39.69,5,11,0,0,2746,896,1239
107,40.29,3,7,0,0,2656,880,1175
82,29.5,5,5,0,0,2780,929,1235
103,41.25,1,46,0,0,2497,812,1137
130,43.2,0,0,0,0,3009,1010,1295
73,26,4,18,0,0,2808,952,1255
102,40.85,3,23,0,0,2497,839,1085
109,40.49,4,8,0,0,2692,865,1171
94,34.06,3,1,0,0,2760,890,1207
0,,0,0,0,0,0,0,0
99,33.62,5,14,0,0,2945,933,1365
93,33.51,2,7,0,0,2775,939,1189
119,40.74,2,1,0,0,2921,934,1295
112,40.94,1,1,0,0,2736,864,1180
117,38.65,0,0,0,0,3027,925,1395
92,30.07,1,1,0,0,3060,942,1341
114,40.35,4,5,0,0,2825,937,1223
94,34.12,8,14,0,0,2755,896,1238
100,38.52,3,2,0,0,2596,834,1128
100,36.44,5,2,0,0,2744,890,1215
104,40.09,12,49,0,0,2594,785,1170
85,30.46,0,0,0,0,2791,799,1219
96,34.18,0,0,0,0,2809,885,1301
126,43.87,8,21,0,0,2872,842,1293
97,35.73,7,23,0,0,2715,860,1172
96,36.7,2,1,0,0,2616,802,1169
114,39.96,5,4,0,0,2853,883,1276
102,33.66,3,2,0,0,3030,921,1297
102,38.56,5,30,0,0,2645,880,1113
129,45.71,0,0,0,0,2822,904,1200
92,37.58,1,8,0,0,2448,803,1067
88,33.27,4,2,0,0,2645,830,1139
99,37.84,0,0,0,0,2616,861,1143
99,34.96,1,0,0,0,2832,791,1308
116,44.98,11,34,0,0,2579,869,1029
105,32.86,1,3,0,0,3195,1096,1439
117,40.78,1,0,0,0,2869,971,1222
128,29.89,0,0,0,28640.12305,4282,1404,1888
148,21.63,1,6,0,8403.521599,6843,2161,3237
79,22.58,1,0,0,21165.99048,3498,1006,1568
115,34.17,3,19,0,0,3366,1114,1425
98,31.75,0,0,0,0,3087,1033,1327
123,39.56,1,1,0,0,3109,1065,1325
80,26.97,0,0,0,0,2966,949,1299
103,31.62,0,0,0,0,3257,1128,1358
100,34.25,0,0,0,0,2920,1053,1262
106,38.31,1,2,0,0,2767,949,1206
105,31.13,1,2,0,0,3373,1037,1449
163,40.28,1,4,0,4793.308687,4047,1269,1777
105,33,1,1,0,0,3182,1091,1367
83,29.26,0,0,0,0,2837,836,1195
75,28.82,4,4,0,0,2602,851,1146
61,22.43,2,2,0,0,2720,856,1156
92,31.59,0,0,0,0,2912,908,1259
101,37.56,3,5,0,0,2689,881,1161
88,28.87,3,1,0,0,3048,976,1277
121,43.08,3,2,0,0,2809,972,1186
77,19.87,6,7,0,0,3875,992,1821
103,35.42,0,0,0,0,2908,944,1213
129,43.51,9,45,0,0,2965,980,1244
126,41.45,7,15,0,0,3040,994,1295
77,24.69,1,0,0,0,3119,977,1269
104,39.59,6,11,0,0,2627,889,1119
0,,0,0,0,0,0,0,0
123,48.98,3,4,0,0,2511,839,1057
96,30.82,12,14,0,0,3115,1040,1326
79,25.39,0,0,0,0,3111,796,1411
97,34.15,10,31,0,0,2840,946,1210
125,46.75,12,30,0,0,2674,880,1163
144,52.36,3,5,0,0,2750,902,1151
118,40.07,2,8,0,0,2945,1007,1215
129,47.67,0,0,0,0,2706,846,1157
112,38.69,4,27,0,0,2895,925,1303
105,34.79,1,1,0,0,3018,1095,1273
61,24.2,1,0,0,0,2521,897,1084
153,54.1,0,0,0,0,2828,913,1121
94,36.28,1,0,0,0,2591,871,1095
150,55.74,1,0,0,0,2691,895,1110
115,35.37,2,20,0,7035.804351,3251,1053,1468
145,49.47,2,7,0,0,2931,934,1277
152,50.68,2,4,0,0,2999,989,1263
104,38.45,7,72,0,0,2705,932,1157
84,30.02,0,0,0,0,2798,912,1271
89,29.25,3,1,0,0,3043,1054,1371
126,42.97,7,13,0,0,2932,950,1249
108,44.24,1,5,0,0,2441,749,1075
130,42.85,0,0,0,0,3034,959,1338
123,45.76,3,27,0,0,2688,930,1142
122,41.24,8,29,0,0,2958,940,1319
105,37.82,4,7,0,0,2776,914,1232
148,44.34,1,0,0,0,3338,1093,1439
151,56.15,4,6,0,0,2689,895,1108
129,46.5,4,7,0,0,2774,898,1195
86,35.54,3,40,0,0,2420,811,1034
121,41.5,1,729,0,8449.82472,2916,967,1287
85,31.35,7,23,0,0,2711,907,1235
89,32.51,1,7,0,0,2738,917,1140
126,43.21,2,1,0,0,2916,944,1301
85,32.16,0,0,0,0,2643,822,1154
75,30.08,4,4,0,0,2493,862,1120
118,42.51,0,0,0,0,2776,879,1256
127,39.64,6,72,0,0,3204,1090,1340
112,40.37,2,37,0,0,2774,895,1191
202,41.43,4,21,0,0,4876,1671,1611
112,40.71,1,14,0,0,2751,920,1232
108,37.68,6,205,0,0,2866,914,1320
91,32.41,8,34,0,0,2808,898,1257
88,35.54,1,20,0,0,2476,832,1055
124,39.49,2,2,0,0,3140,1125,1300
96,38.43,2,6,0,1252.446661,2498,842,1186
68,27.02,3,27,0,0,2517,836,1127
113,46.89,2,49,0,742.7821002,2410,814,993
105,38.96,5,148,0,0,2695,928,1162
104,36.44,17,93,0,0,2854,917,1234
96,37.33,5,9,0,0,2572,867,1138
103,37.45,2,0,0,0,2750,995,1128
152,41.38,1,511,0,63783.55,3673,938,1572
119,45.58,1,8,0,0,2611,842,1099
119,39.42,0,0,0,0,3019,1044,1283
117,47.01,0,0,0,0,2489,834,1051
134,46.1,0,0,0,0,2907,922,1198
111,33.81,0,0,0,787.3961574,3283,999,1296
117,42.73,3,6,0,0,2738,956,1207
102,38.22,0,0,0,434.4123149,2669,839,1122
115,40.32,0,0,0,337.9235974,2852,934,1228
111,39.36,0,0,0,0,2820,970,1172
114,40.15,0,0,0,1383.518836,2839,1018,1204
108,40.21,0,0,0,0,2686,858,1173
102,39.92,2,1,0,1311.306895,2555,857,1136
135,44.64,0,0,0,0,3024,1002,1252
92,35.17,2,21,0,0,2616,941,1175
116,43.3,7,14,0,0,2679,975,1094
81,30.3,2,20,0,0,2673,960,1162
103,29.99,0,0,0,0,3435,994,1490
95,33.62,1,0,0,0,2826,962,1231
103,37.62,3,3,0,0,2738,1036,1179
113,40.65,8,9,0,0,2780,955,1159
142,32.21,5,9,0,0,4409,1359,1915
91,29.73,3,10,0,0,3061,1128,1328
157,52.33,1,223,0,0,3000,947,1298
125,41.16,11,17,0,0,3037,1044,1329
102,33.79,5,9,0,0,3019,1078,1314
115,39.24,2,20,0,6878.737022,2931,977,1182
127,45.75,2,5,0,0,2776,998,1136
124,38.52,2,3,0,0,3219,1107,1273
106,39.13,2,52,0,0,2709,965,1048
127,51.31,0,0,0,0,2475,843,1049
121,43.35,12,32,0,0,2791,1012,1166
116,38.73,2,7,0,0,2995,1025,1235
110,34.34,1,2,0,0,3203,1017,1343
132,44.56,0,0,0,0,2962,1008,1189
110,43.65,1,2,0,0,2520,824,1088
149,50.29,7,9,0,0,2963,1038,1243
98,36.31,1,0,0,0,2699,873,1170
0,,0,0,0,1328.469733,0,0,0
108,45.34,3,11,0,0,2382,792,991
128,27.15,0,0,0,583.2811896,4715,1551,2045
108,35.73,5,11,0,0,3023,1032,1291
127,40.34,2,4,0,0,3148,1130,1340
89,34.06,2,3,0,0,2613,877,1069
92,32.66,3,8,0,0,2817,1041,1162
112,42.38,0,0,0,0,2643,938,1082
78,28.94,1,0,0,0,2695,851,1133
98,29.04,0,0,0,0,3375,1038,1494
143,46.59,0,0,0,0,3069,965,1275
79,26.81,1,4,0,0,2947,974,1178
137,45.17,1,0,0,0,3033,938,1222
105,35.93,1,0,0,0,2922,990,1166
81,29.04,3,8,0,0,2789,913,1154
121,32.81,0,0,0,0,3688,1137,1640
100,34.04,1,1,0,0,2938,969,1214
100,36.6,0,0,0,0,2732,905,1103
117,37.36,1,0,0,0,3132,987,1321
96,28.4,3,33,0,0,3380,1052,1391
89,28.14,0,0,0,0,3163,967,1343
80,26.62,0,0,0,0,3005,835,1395
138,44.22,0,0,0,0,3121,933,1539
151,55.99,2,0,0,23592.73942,2697,864,1227
120,39.74,0,0,0,0,3020,1037,1284
94,32.55,0,0,0,0,2888,942,1406
106,35.4,0,0,0,0,2994,1031,1252
121,45.13,0,0,0,0,2681,898,1139
0,0,0,0,0,0,2,0,1
108,36.21,3,2,0,0,2983,932,1281
86,33.52,4,66,1,14225.47642,2566,853,1242
137,43.88,9,21,0,0,3122,1105,1442
102,40.09,14,158,0,158.8386911,2544,862,1214
115,40.61,0,0,0,0,2832,956,1355
123,43.74,2,1,0,0,2812,972,1322
95,34.01,14,28,0,50.79086504,2793,937,1328
144,49.18,2,0,0,0,2928,1010,1340
112,50.66,0,0,0,102423.4066,2211,734,925
98,33.87,0,0,0,0,2893,1033,1321
85,26.87,3,11,0,0,3163,868,1616
125,43.21,3,2,0,0,2893,959,1293
122,47.34,4,19,0,0,2577,825,1128
117,39.37,0,0,0,0,2972,1044,1249
105,39.61,3,6,0,0,2651,923,1193
93,36.37,1,1,0,0,2557,868,1202
111,37.1,5,8,0,0,2992,924,1505
113,39.65,0,0,0,0,2850,923,1312
115,43.91,4,1249,0,0,2619,829,1176
98,30.29,0,0,0,0,3235,972,1577
124,41.74,8,15,0,79.82680646,2971,925,1470
116,43.14,6,5,0,0,2689,929,1210
125,37.57,0,0,0,0,3327,1089,1455
98,33.68,5,31,0,0,2910,927,1331
101,38.73,5,1,0,0,2608,844,1217
75,26.26,0,0,0,0,2856,830,1509
92,35.03,7,8,0,0,2626,868,1217
98,34.29,2,2,0,25.22300411,2858,927,1322
132,48.74,5,0,0,0,2708,872,1246
139,49.31,4,2,0,0,2819,930,1240
124,23.29,1,2,0,0,5325,1524,2655
117,37.1,1,1,0,0,3154,999,1435
140,41.07,0,0,0,0,3409,1097,1527
111,21.56,4,3,0,0,5148,1882,1781
164,51.2,1,0,0,2670.715796,3203,1062,1302
110,33.53,4,1,0,40052.1634,3281,971,1614
117,39.27,4,19,1,0,2979,935,1364
123,46.59,8,10,0,0,2640,825,1185
128,43.75,4,4,0,0,2926,935,1351
118,31.71,3,2,0,0,3721,1098,1691
124,44.83,1,0,0,0,2766,931,1200
132,46.41,3,1,0,0,2844,903,1324
113,40.18,4,6,0,0,2812,920,1273
90,31,6,12,0,249.1177124,2903,978,1277
131,45.42,1,1,0,0,2884,924,1220
159,38.38,6,10,0,3213.823975,4143,1276,1994
140,47.9,7,14,0,0,2923,949,1298
92,33.35,1,0,0,0,2759,928,1247
172,63.68,3,4,1,149.7732016,2701,816,1340
110,36.35,1,0,0,0,3026,987,1412
55,19.59,0,0,0,0,2808,928,1276
131,46.84,5,3,0,0,2797,936,1292
120,40.43,1,0,0,0,2968,914,1376
129,41.99,4,4,0,0,3072,979,1332
139,42.91,0,0,0,0,3239,1006,1470
134,52.47,4,10,0,0,2554,868,1167
106,29.16,0,0,0,0,3635,1029,1785
154,43.54,6,13,0,0,3537,1091,1577
109,34.85,4,3,0,0,3128,1106,1317
124,40.99,4,17,0,0,3025,1029,1251
112,33.68,0,0,0,0,3325,939,1558
105,30.41,0,0,0,0,3453,1049,1582
92,34.97,0,0,0,0,2631,799,1301
156,47,3,7,0,0,3319,1070,1518
115,39.42,0,0,0,0,2917,965,1255
146,42.85,0,0,0,0,3407,1117,1462
151,52.18,0,0,0,0,2894,969,1228
120,38.47,1,73,0,0,3119,942,1427
102,33.37,0,0,0,0,3057,977,1387
114,40.74,0,0,0,0,2798,905,1218
130,45.86,0,0,0,0,2835,994,1191
124,46.08,2,0,0,0,2691,894,1159
147,48.04,0,0,0,0,3060,958,1307
156,49.59,5,84,0,0,3146,1096,1250
133,45.72,1,0,0,0,2909,984,1268
115,40.01,1,4,1,0,2874,1014,1179
137,42.22,0,0,0,0,3245,1077,1405
134,43.16,3,2,0,0,3105,1046,1291
112,39.19,0,0,0,0,2858,919,1309
133,46.07,1,1,0,0,2887,995,1206
97,33.76,1,3,0,0,2873,949,1283
131,40.59,0,0,0,0,3227,1005,1528
121,33.25,0,0,0,0,3639,1050,1747
112,35.84,0,0,0,0,3125,1066,1316
151,49.95,0,0,0,0,3023,1032,1233
122,39.82,0,0,0,0,3064,1011,1416
102,32.4,0,0,0,0,3148,1048,1357
145,46.97,0,0,0,0,3087,1063,1355
140,45.03,1,71,0,0,3109,1063,1318
146,49.37,0,0,0,0,2957,966,1327
84,26.1,0,0,0,0,3219,982,1649
193,62,0,0,0,0,3113,1014,1363
0,,0,0,0,0,0,0,0
154,54.92,0,0,0,0,2804,861,1295
129,48.5,1,0,0,0,2660,826,1105
154,47.92,1,0,0,0,3214,1063,1250
150,43.69,0,0,0,0,3433,1171,1462
109,37.86,0,0,0,0,2879,1036,1298
163,52.72,0,0,0,0,3092,1035,1203
114,40.76,0,0,0,0,2797,980,1214
137,41.95,1,0,0,0,3266,1074,1287
101,35.3,1,10,0,0,2861,1049,1207
113,36.86,1,0,0,0,3066,1026,1236
104,32.07,0,0,0,0,3243,1065,1424
137,41.03,0,0,0,0,3339,1165,1365
127,40.19,0,0,0,0,3160,1036,1365
149,38.44,1,1,0,0,3876,1326,1416
124,44.86,0,0,0,0,2764,872,1167
123,44.81,0,0,0,0,2745,917,1123
104,34.76,0,0,0,0,2992,991,1298
97,36.09,0,0,0,0,2688,938,1127
136,45.65,2,1,0,0,2979,986,1246
94,36.56,6,15,0,0,2571,790,1123
126,41.85,4,0,0,0,3011,1035,1269
109,37.13,1,0,0,0,2936,984,1282
84,28.17,3,4,0,0,2982,940,1339
132,40.63,21,144,0,0,3249,1073,1432
82,29.97,0,0,0,0,2736,908,1218
109,40.63,3,4,0,0,2683,876,1205
134,46.94,16,38,0,0,2855,917,1325
78,29.13,0,0,0,0,2678,835,1156
112,34.38,10,14,0,0,3258,1083,1442
71,24.09,1,1,0,0,2947,1052,1292
87,27.28,0,0,0,0,3189,1009,1408
111,40.51,2,213,0,0,2740,902,1199
128,43.7,2,2,0,0,2929,973,1237
114,36.09,1,0,0,0,3159,1081,1353
144,41.9,0,0,0,0,3437,1168,1453
100,36.17,5,10,0,0,2765,924,1177
98,34.04,0,0,0,0,2879,924,1224
207,49.34,0,0,0,0,4195,1294,1781
139,44.98,1,4,0,0,3090,966,1351
113,37.38,9,30,0,0,3023,1106,1221
114,43.69,1,1,0,0,2609,902,1085
128,41.36,1,1,0,0,3095,1058,1236
107,39.6,1,0,0,0,2702,945,1144
86,32.05,0,0,0,0,2683,938,1104
121,42.49,0,0,0,0,2848,1001,1126
101,36.49,0,0,0,0,2768,942,1155
98,34.47,0,0,0,0,2843,993,1264
123,44.74,0,0,0,0,2749,983,1147
100,38.3,0,0,0,0,2611,880,1131
117,36.16,0,0,0,0,3236,1046,1408
120,35.28,2,1,0,0,3401,1088,1456
126,39.74,1,2,0,0,3171,954,1390
112,40.92,0,0,0,0,2737,898,1193
92,53.43,0,0,0,0,1722,552,754
116,56.53,1,0,0,0,2052,630,912
27,32.73,0,0,0,0,825,237,384
26,23.34,0,0,0,0,1114,359,502
52,18.62,0,0,0,0,2792,718,1259
529,25.58,9,33,1,0,20677,4761,9860
144,49.26,0,0,0,0,2923,1004,1267
151,50.05,0,0,0,0,3017,981,1301
110,38.9,0,0,0,0,2828,961,1214
143,49.41,0,0,0,0,2894,917,1308
139,50,5,64,0,0,2780,919,1173
124,41.91,0,0,0,0,2959,953,1200
123,44.1,0,0,0,0,2789,930,1142
124,44.54,3,38,0,0,2784,900,1201
137,45.47,0,0,0,0,3013,1020,1198
101,38.55,0,0,0,0,2620,818,1104
131,40.41,2,2,0,0,3242,1031,1401
111,35.84,0,0,0,0,3097,1003,1236
127,40.72,7,40,0,0,3119,953,1334
140,40.08,2,46,0,0,3493,1096,1385
91,31.33,1,1,0,0,2905,977,1124
102,34.44,1,1,0,0,2962,1043,1111
120,44.54,8,20,0,0,2694,911,1141
121,44.65,0,0,0,0,2710,940,1113
115,42.72,10,26,0,0,2692,929,1084
120,39.32,0,0,0,0,3052,987,1322
122,42.33,0,0,0,0,2882,1016,1155
123,43.43,7,15,0,0,2832,902,1141
112,37.37,0,0,0,0,2997,968,1249
0,,0,0,0,0,0,0,0
145,45.99,1,1,0,0,3153,997,1328
129,40.67,1,0,0,0,3172,1020,1427
126,40.31,0,0,0,0,3126,994,1356
71,65.26,0,0,0,0,1088,343,458
138,41.52,0,0,0,0,3324,1026,1402
128,41.16,0,0,0,0,3110,948,1326
166,52.66,0,0,0,0,3152,975,1335
130,22.04,5,25,0,0,5898,1451,2781
129,24.2,3,8,0,0,5331,1178,2433
82,29.55,0,0,0,0,2775,791,1208
159,52.23,2,3,0,0,3044,963,1231
96,24.32,1,9,0,0,3948,958,1763
215,40.68,1,1,0,0,5285,1488,2253
101,30.82,2,33,0,0,3277,1078,1381
166,48.2,0,0,0,0,3444,1094,1443
126,36.18,7,6,0,0,3483,1181,1418
101,36.79,3,2,0,0,2745,913,1137
105,34.16,1,4,1,0,3074,1027,1255
114,34.59,2,20,0,0,3296,1073,1265
144,43.74,13,26,0,0,3292,1069,1278
129,41.08,6,55,0,0,3140,995,1283
189,68.01,0,0,0,0,2779,968,1109
107,30.82,5,18,0,0,3472,1144,1449
120,42.92,4,34,0,0,2796,920,1167
120,39.14,0,0,0,0,3066,1082,1189
129,43.71,1,1,0,0,2951,1042,1185
152,47.68,0,0,0,0,3188,1036,1310
135,42.65,3,4,0,0,3165,1154,1219
153,40.58,2,5,0,0,3770,1340,1392
119,39.56,1,0,0,0,3008,1021,1239
0,,0,0,0,0,0,0,0
184,55.96,1,37,0,0,3288,1133,1313
155,40.32,0,0,0,0,3844,1248,1594
134,43.34,0,0,0,0,3092,1090,1198
152,53.56,0,0,0,0,2838,893,1224
193,64.38,1,6,0,0,2998,1050,1213
124,39.04,0,0,0,0,3176,1120,1274
173,52.87,2,585,1,0,3272,1064,1426
175,58.9,0,0,0,0,2971,961,1270
234,77.92,0,0,0,0,3003,816,1435
228,69.87,0,0,0,0,3263,903,1547
140,49.73,0,0,0,0,2815,833,1354
157,50.5,0,0,0,0,3109,973,1457
145,48.94,0,0,0,0,2963,881,1381
176,59.36,3,599,0,0,2965,882,1406
420,25.17,0,0,0,0,16686,4658,7486
122,39.64,0,0,0,0,3078,979,1381
103,34.28,0,0,0,0,3005,996,1295
133,42.75,0,0,0,0,3111,1036,1310
94,28.14,0,0,0,0,3340,981,1571
104,34.85,0,0,0,0,2984,983,1290
173,60.43,0,0,0,0,2863,861,1336
86,27.53,3,6,0,0,3124,955,1277
131,24.64,3,13,0,0,5317,1423,2368
85,31.4,0,0,0,0,2707,922,1112
109,29.02,0,0,0,0,3756,1165,1627
121,40.33,1,2,0,0,3000,967,1337
90,31.09,4,1,0,0,2895,986,1197
103,38.94,0,0,0,0,2645,902,1160
90,31.86,3,7,0,0,2825,920,1183
146,54.07,3,4,3,0,2700,889,1134
78,25.32,3,1,0,0,3081,998,1314
92,35.52,5,6,0,0,2590,844,1080
113,39.36,1,0,0,0,2871,942,1302
109,38.07,5,19,0,0,2863,980,1207
121,44.81,5,2,0,0,2700,976,1185
141,42.75,1,301,0,2968.868829,3298,1003,1522
140,46.13,0,0,0,0,3035,1024,1255
142,48.8,0,0,0,3098.567438,2910,1014,1170
153,58.58,5,3,0,0,2612,907,1050
114,38.31,3,8,0,0,2976,973,1234
134,48.43,9,30,0,0,2767,917,1162
103,38.61,1,0,0,0,2668,906,1141
93,33.43,1,0,0,0,2782,927,1269
121,44.47,8,8,0,0,2721,918,1149
75,28.41,7,10,0,0,2640,870,1203
86,33.05,9,11,0,19320.03669,2602,845,1168
109,35.42,0,0,0,9867.998523,3077,983,1372
111,24.53,0,0,0,5988.160703,4525,1397,2137
99,30.55,1,31,0,11632.96772,3241,1073,1419
16,36.78,0,0,0,55653.1067,435,156,191
100,31.53,2,8,0,2109.199128,3172,1068,1424
92,24.21,1,21,0,0,3800,1229,1736
145,45.92,0,0,0,0,3158,1029,1464
125,37.66,0,0,0,0,3319,1046,1605
115,41.92,1,8,0,0,2743,918,1200
114,41.7,9,1188,0,8111.975494,2734,910,1183
108,36.89,4,1,0,0,2928,940,1294
98,32.46,3,4,0,0,3019,1000,1386
92,25.97,0,0,0,0,3543,1046,1802
88,31.91,1,1,0,0,2758,888,1248
147,51.65,0,0,0,0,2846,880,1363
152,49.14,0,0,0,0,3093,1076,1217
128,52.94,1,0,0,0,2418,823,1059
0,,0,0,0,0,0,0,0
121,45.69,0,0,0,0,2648,865,1170
150,50.03,0,0,0,0,2998,1010,1211
77,26.41,0,0,0,0,2916,896,1543
173,45.76,0,0,0,0,3781,1196,1625
108,33.16,0,0,0,0,3257,967,1623
158,37.9,0,0,0,0,4169,1352,1735
119,42.74,0,0,0,0,2784,930,1183
104,31.87,0,0,0,0,3263,952,1645
86,28.92,0,0,0,0,2974,886,1327
70,23.06,0,0,0,0,3035,934,1492
141,46.44,4,12,0,0,3036,945,1339
92,40.53,0,0,0,0,2270,712,1069
109,42.07,6,13,0,0,2591,823,1106
102,31.81,1,744,0,0,3207,982,1420
154,47.56,0,0,0,0,3238,1058,1349
112,38.36,0,0,0,0,2920,954,1166
85,31.02,2,4,0,0,2740,901,1283
124,47.31,0,0,0,0,2621,868,1115
126,44.65,1,6,0,0,2822,966,1229
95,32.3,6,9,0,0,2941,995,1287
79,31.77,0,0,0,0,2487,825,1107
164,55.16,7,20,0,0,2973,1014,1266
126,46.94,3,4,0,0,2684,933,1125
123,40.97,2,0,0,0,3002,1054,1229
109,37.07,0,0,0,0,2940,994,1222
115,37.33,1,7,0,0,3081,1085,1406
126,39.13,5,10,0,0,3220,1137,1401
122,46.89,7,27,0,0,2602,839,1139
133,51.13,0,0,0,0,2601,846,1049
114,42.04,6,7,0,0,2712,862,1150
108,37.44,0,0,0,0,2885,1007,1198
94,33.17,3,14,0,0,2834,945,1268
120,41.59,2,8,0,0,2885,1032,1181
109,40.79,2,5,0,0,2672,999,1145
144,44.01,4,14,0,0,3272,1149,1378
105,33.05,7,47,0,0,3177,1025,1399
120,33.57,2,7,0,0,3575,1198,1580
102,30.84,3,2,0,0,3307,947,1467
125,44,7,10,0,0,2841,940,1184
111,38.65,6,13,0,0,2872,1054,1182
105,38.17,3,5,0,0,2751,962,1196
155,50.84,3,53,0,0,3049,1004,1310
99,36.54,2,0,0,0,2709,861,1114
110,35.4,0,0,0,0,3107,912,1316
129,49.05,1,0,0,0,2630,975,1089
96,27.55,1,45,0,0,3484,1228,1564
67,25.63,1,4,0,0,2614,791,1250
103,41.32,3,7,0,0,2493,774,1032
84,30.58,2,13,0,0,2747,816,1314
127,45.34,2,2,0,0,2801,903,1149
128,40.15,2,4,0,0,3188,1087,1041
106,41.83,3,5,0,0,2534,869,1055
136,46.21,3,1,0,0,2943,1022,1232
112,34.15,0,0,0,0,3280,994,1523
125,44.93,0,0,0,0,2782,887,1180
175,60.26,4,61,0,0,2904,991,1263
91,32.94,0,0,0,0,2763,860,1258
146,49.08,0,0,0,0,2975,946,1304
91,39.12,0,0,0,0,2326,786,1078
146,53.36,0,0,0,0,2736,953,1219
98,33.85,0,0,0,0,2895,926,1497
79,23.25,1,0,0,0,3398,1018,1618
124,44.72,0,0,0,0,2773,873,1291
89,29.39,0,0,0,0,3028,901,1503
192,54.86,0,0,0,0,3500,1023,1511
279,73.4,0,0,0,0,3801,1167,1614
339,76.82,0,0,0,0,4413,1226,2003
201,71.99,1,34,0,0,2792,951,1059
149,52.61,0,0,0,0,2832,988,1141
264,75.06,3,1,0,0,3517,1174,1383
207,65.28,15,45,0,0,3171,1005,1296
157,56.8,0,0,0,0,2764,923,1121
207,65.59,1,5,0,0,3156,996,1333
218,62.45,3,9,0,0,3491,1186,1406
216,64,0,0,0,0,3375,1101,1343
206,63.54,0,0,0,0,3242,1047,1267
149,50.8,1,0,0,0,2933,974,1304
133,42.61,1,0,0,0,3121,1099,1310
151,50.43,2,2,0,0,2994,1038,1227
148,53.03,1,1,0,0,2791,939,1172
91,33.89,1,2,0,0,2685,978,1122
112,41.1,4,147,0,0,2725,878,1179
102,38.06,1,2,0,0,2680,889,1140
95,32.2,3,3,0,0,2950,1027,1313
117,43.75,0,0,0,0,2674,976,1122
116,38.15,2,8,0,57219.44501,3041,975,1321
107,37.24,3,10,0,0,2873,1011,1191
116,40.72,5,10,0,0,2849,1019,1216
112,36.72,3,7,0,0,3050,1074,1252
87,30.38,0,0,0,0,2864,971,1252
93,36.14,1,0,0,0,2573,842,1090
101,37.83,0,0,0,0,2670,897,1144
121,41.31,4,6,0,0,2929,1050,1288
99,32.67,6,8,0,0,3030,1071,1289
118,43.62,1,5,0,0,2705,885,1170
89,33.53,6,1,0,0,2654,956,1122
66,22.45,1,0,0,0,2940,1026,1242
101,39.89,4,2,0,0,2532,895,1080
86,27.89,3,2,0,0,3084,1091,1323
119,41.8,3,5,0,0,2847,960,1208
108,35.38,3,3,0,0,3053,1099,1278
96,34.91,3,8,0,32271.48015,2750,949,1163
82,28.46,4,8,0,0,2881,979,1284
93,33.48,4,3,0,0,2778,917,1206
67,21.27,2,14,0,0,3150,1080,1321
121,48.19,0,0,0,0,2511,877,1024
65,24.39,4,4,0,0,2665,879,1158
59,18.81,3,12,0,0,3137,1071,1328
113,38.05,2,0,0,706.6104872,2970,1021,1309
87,32.82,2,7,0,0,2651,942,1126
128,46.38,2,0,0,0,2760,972,1137
92,33.14,2,0,0,0,2776,945,1165
110,39.73,5,3,0,0,2769,933,1141
73,23.76,1,3,0,0,3073,1035,1316
103,36.59,6,15,0,0,2815,957,1192
123,39.82,3,40,0,0,3089,936,1376
107,34.82,5,5,0,0,3073,1070,1284
106,36.73,3,1,0,0,2886,952,1261
101,37.06,3,4,0,68396.57091,2725,907,1165
105,33.43,0,0,0,0,3141,1093,1336
86,29.55,2,22,0,0,2910,982,1259
115,38.51,4,9,0,0,2986,1003,1267
91,28.48,3,45,0,0,3195,949,1367
101,35.61,3,75,0,0,2836,1000,1133
86,33.1,0,0,0,0,2598,891,1174
102,35.65,0,0,0,0,2861,1041,1200
122,41.5,1,0,0,0,2940,951,1258
111,36.84,2,9,0,0,3013,1067,1283
105,36.84,1,1,0,0,2850,1025,1187
123,40.97,1,2,0,0,3002,1012,1252
98,32.49,2,3,0,0,3016,939,1386
129,41.98,1,5,0,0,3073,1023,1330
118,41.87,0,0,0,0,2818,920,1250
111,37.22,0,0,0,0,2982,1069,1276
124,39.53,3,3,0,0,3137,1058,1369
131,50.35,4,36,0,463.0220089,2602,881,1080
140,45.18,0,0,0,0,3099,1083,1316
114,41.97,0,0,0,0,2716,882,1158
137,43.29,2,0,1,0,3165,1097,1329
134,42.28,0,0,0,0,3169,1132,1335
146,44.59,7,27,0,0,3274,1148,1389
132,54.41,0,0,0,0,2426,847,1010
0,,0,0,0,0,0,0,0
130,42.9,12,136,0,0,3030,998,1324
184,39.4,6,2,0,1474.709252,4670,1546,1577
137,48.36,1,1,0,0,2833,927,1201
139,40.12,3,17,0,0,3465,1174,1492
138,43.49,0,0,0,0,3173,992,1356
134,44.5,0,0,0,0,3011,989,1314
148,39.97,0,0,0,0,3703,1145,1614
117,43.25,0,0,0,0,2705,909,1132
116,38.6,0,0,0,0,3005,998,1251
130,47.36,0,0,0,0,2745,856,1178
120,41.93,4,12,0,320.7447553,2862,934,1215
173,60.32,3,13,0,0,2868,885,1223
141,45.03,0,0,0,0,3131,953,1336
135,45.49,0,0,0,0,2968,931,1292
152,48.89,0,0,0,0,3109,1001,1286
0,,0,0,0,0,0,0,0
116,40.39,0,0,0,123242.2283,2872,964,1236
120,41.75,0,0,0,39350.12889,2874,992,1245
98,35.04,0,0,0,0,2797,954,1156
94,31.51,0,0,0,0,2983,1042,1185
147,36.75,0,0,0,0,4000,1372,1698
95,33.75,3,3,0,0,2815,931,1221
99,36.5,1,1,0,0,2712,945,1185
68,28.62,0,0,0,0,2376,857,969
0,,0,0,0,0,0,0,0
80,30.58,3,1,0,0,2616,929,1061
79,22.12,2,38,0,0,3572,923,1566
106,33.48,1,6,0,0,3166,1091,1322
98,37.87,1,0,0,0,2588,930,1111
99,32.4,2,5,0,0,3056,1065,1254
103,36.49,0,0,0,0,2823,971,1138
92,31.97,1,0,0,0,2878,1079,1186
123,41.71,0,0,0,0,2949,988,1189
188,35.63,2,1,0,0,5276,1816,2235
74,28.97,4,37,0,0,2554,886,1003
98,39.42,0,0,0,0,2486,922,1023
106,32.69,0,0,0,0,3243,1138,1378
164,38.09,8,29,0,0,4306,1537,1822
251,44.99,10,14,0,0,5579,1930,2439
82,21.94,4,48,0,0,3738,978,1640
107,34.05,0,0,0,0,3142,1154,1292
86,38.36,1,5,0,0,2242,824,958
85,26.65,3,53,0,0,3189,1095,1323
108,29.59,0,0,0,0,3650,966,1564
174,43.52,10,12,0,1181.490712,3998,1420,1629
122,36.89,0,0,0,0,3307,1192,1349
164,33.54,6,6,0,733.22017,4890,1679,2095
117,40.01,1,1,0,0,2924,1064,1223
111,36.6,1,0,0,0,3033,1012,1249
91,26.1,6,15,0,0,3486,902,1545
101,33.5,13,29,0,0,3015,1031,1259
206,38.38,7,12,0,0,5368,1867,2328
367,32.13,8,93,0,0,11421,3856,4603
130,43.12,1,0,0,0,3015,1070,1297
92,28.54,7,18,0,0,3224,1058,1343
122,44.14,0,0,0,0,2764,951,1138
137,31.68,3,6,0,0,4324,1378,1847
133,41.28,6,8,0,0,3222,1123,1334
121,41.9,4,25,0,0,2888,1057,1235
215,46.31,5,9,0,0,4643,1612,1911
102,35.86,9,23,0,0,2844,944,1164
101,36.5,2,2,0,0,2767,915,1183
108,37.18,3,4,0,0,2905,1048,1155
116,46.44,16,130,0,0,2498,788,1092
111,35.58,5,6,0,0,3120,1084,1303
96,35.46,0,0,0,0,2707,914,1151
104,35.34,11,21,0,0,2943,1060,1181
110,35.71,2,0,0,0,3080,1130,1260
110,40.29,1,1,0,0,2730,910,1153
192,44.56,5,33,0,0,4309,1426,1884
134,40.41,2,15,0,0,3316,1151,1382
145,44.41,3,5,0,0,3265,1168,1311
103,46.46,2,5,0,0,2217,772,916
0,,0,0,0,0,0,0,0
106,40.78,0,0,0,0,2599,897,1147
154,44.33,0,0,0,0,3474,1172,1447
160,45.86,0,0,0,1070.395932,3489,1145,1525
173,51.35,0,0,0,0,3369,1069,1488
122,43.14,0,0,0,0,2828,1014,1156
118,38.14,0,0,0,0,3094,990,1282
127,45.55,0,0,0,0,2788,904,1204
173,50.39,5,4,0,0,3433,1103,1434
158,48.95,1,0,0,0,3228,1085,1358
98,29.18,0,0,0,0,3358,1043,1480
140,48.13,0,0,0,0,2909,876,1284
139,42.73,1,0,0,0,3253,992,1402
144,49.45,0,0,0,0,2912,968,1211
173,53.98,0,0,0,0,3205,1023,1257
125,44.6,0,0,0,0,2803,957,1169
118,40.33,2,1,0,0,2926,1031,1187
0,,0,0,0,4300.291056,0,0,0
175,58.12,1,0,0,0,3011,1022,1232
167,49.38,0,0,0,0,3382,1116,1411
156,46.43,11,35,0,0,3360,1154,1263
109,36.04,0,0,0,0,3024,1062,1272
151,39.83,4,7,1,0,3791,1207,1652
81,33.01,0,0,0,0,2454,794,1092
137,46.79,0,0,0,0,2928,995,1289
126,40.82,1,1,0,0,3087,1078,1385
94,37.18,2,1,0,0,2528,869,1045
79,30.35,1,1,0,0,2603,842,1110
137,40.42,0,0,0,0,3389,1046,1413
106,36.44,1,1,0,0,2909,1000,1212
122,45.04,0,0,0,0,2709,766,1119
114,39.96,0,0,0,0,2853,947,1198
103,37.02,0,0,0,0,2782,930,1173
99,31.51,0,0,0,0,3142,876,1371
119,39.75,7,32,0,0,2994,958,1290
113,38.2,2,10,0,0,2958,862,1352
0,,0,0,0,0,0,0,0
127,42.75,0,0,0,0,2971,955,1318
95,33.52,8,10,0,0,2834,943,1194
142,49.31,13,34,1,0,2880,954,1214
100,31.06,1,2,0,0,3220,910,1426
85,24.83,3,3,0,0,3423,899,1513
105,39.82,3,12,0,0,2637,859,1114
83,30.07,0,0,0,0,2760,903,1177
82,29.29,2,7,0,0,2800,638,1307
61,22.35,1,2,0,0,2729,705,1249
117,38.92,3,2,0,0,3006,1029,1235
61,20.48,0,0,0,0,2979,722,1312
108,38.37,3,1,0,0,2815,945,1162
94,39.56,0,0,0,0,2376,749,1034
106,34.62,0,0,0,0,3062,893,1355
146,37.9,0,0,0,29998.35025,3852,1234,1716
151,48.44,0,0,0,0,3117,1010,1301
109,38.05,1,0,0,0,2865,1052,1256
106,36.13,3,1,0,0,2934,974,1342
119,42.55,1,1,0,0,2797,942,1256
124,41.43,1,1,0,0,2993,1005,1330
118,45.52,3,6,0,0,2592,865,1102
109,44.65,0,0,0,2828.992798,2441,741,1136
97,34.46,0,0,0,15828.5518,2815,927,1204
120,36.89,0,0,0,0,3253,1078,1365
167,45.53,0,0,0,0,3668,1131,1665
120,36.4,0,0,0,0,3297,1032,1462
73,32.9,0,0,0,0,2219,725,953
145,17.45,2,18,0,0,8308,1829,3795
122,38.85,9,27,0,0,3140,979,1404
84,20.58,1,2,0,0,4081,1026,1885
111,40.41,0,0,0,0,2747,879,1182
129,28.72,0,0,0,434.8160345,4491,1204,2042
159,23.18,5,6,0,0,6860,1739,3184
117,39.29,8,18,0,0,2978,951,1217
110,32.82,5,26,0,0,3352,1001,1468
100,32.65,0,0,0,0,3063,1024,1233
130,40.74,5,7,0,0,3191,1016,1311
63,29.94,0,0,0,0,2104,688,875
132,19.78,4,16,0,0,6675,1630,3150
97,33.7,2,1,0,0,2878,929,1219
60,21.53,3,10,0,0,2787,792,1250
131,50.33,1,2,0,0,2603,940,1075
112,47.86,3,1,0,0,2340,835,934
118,19.41,3,10,0,6719.154768,6078,1616,3004
87,26.67,6,11,0,0,3262,918,1385
90,22.17,3,6,0,0,4060,1150,1939
132,48.12,0,0,0,0,2743,934,1095
78,23.04,0,0,0,0,3386,1031,1482
75,27.06,1,1,0,0,2772,877,1149
77,30.43,1,0,0,0,2530,779,982
58,20.8,1,0,0,161.0398393,2788,792,1126
0,,0,0,0,7499.31208,0,0,0
138,47.9,0,0,0,0,2881,985,1226
120,38.2,0,0,0,0,3141,1029,1385
148,46.16,4,3,0,0,3206,1109,1408
156,59.5,2,1,0,0,2622,884,1149
108,37.89,2,1,0,0,2850,971,1281
107,36.61,1,3,0,0,2923,995,1289
122,43.11,1,1,0,0,2830,976,1204
116,38.72,6,24,0,0,2996,1044,1231
161,63.59,3,5,0,0,2532,803,1093
181,76.73,0,0,0,0,2359,648,1059
153,54.78,0,0,0,0,2793,814,1294
0,,0,0,0,0,0,0,0
0,,0,0,0,0,0,0,0
2,181.82,0,0,0,0,11,4,6
137,42.21,2,4,0,0,3246,968,1540
0,,0,0,0,0,0,0,0
158,50.48,0,0,0,0,3130,757,1652
150,45.5,5,16,0,0,3297,1178,1384
194,56.49,2,1,0,0,3434,1118,1364
127,39.96,2,1,0,0,3178,1031,1331
160,48.38,0,0,0,0,3307,1005,1525
207,58.49,0,0,0,0,3539,1065,1636
143,42.27,0,0,0,0,3383,1112,1489
172,54.4,1,88,0,0,3162,922,1489
139,48.87,1,0,0,0,2844,894,1266
111,34.47,0,0,0,0,3220,945,1458
110,35.59,1,0,0,0,3091,906,1415
129,39.31,1,0,0,0,3282,1022,1516
127,35.77,0,0,0,0,3550,1130,1499
144,36.35,1,0,0,0,3961,1214,1752
0,,0,0,0,0,0,0,0
111,42.14,2,2,0,0,2634,820,1151
114,41.14,2,7,0,0,2771,933,1123
126,46.44,3,2,0,0,2713,869,1157
130,40.51,1,1,0,0,3209,1009,1511
130,34.99,2,5,0,0,3715,1192,1495
111,40.28,2,8,0,0,2756,914,1097
0,,0,0,0,0,0,0,0
152,59.19,1,605,3,0,2568,824,1144
144,44.99,0,0,0,0,3201,1050,1412
140,39.54,2,7,0,0,3541,1208,1516
151,47.68,0,0,0,0,3167,987,1410
245,103.07,1,0,0,0,2377,573,1100
228,96,2,4,0,0,2375,608,1096
221,76.02,0,0,0,0,2907,831,1276
171,64.67,4,12,0,0,2644,763,1148
240,70.34,0,0,0,0,3412,901,1613
170,69.76,0,0,0,0,2437,637,1177
151,56.75,2,2,0,0,2661,731,1227
155,64.05,1,4,0,0,2420,644,1160
158,65.48,1,1,0,0,2413,652,1153
161,61.85,1,1,0,0,2603,674,1293
150,46.25,0,0,0,0,3243,916,1488
231,64.53,0,0,0,0,3580,1090,1628
138,45.07,1,3,0,0,3062,847,1383
125,41.01,0,0,0,0,3048,930,1327
117,39.97,1,6,0,0,2927,1012,1228
142,47.89,4,3,0,0,2965,861,1344
180,53.64,1,83,0,0,3356,1056,1550
152,47.18,0,0,0,0,3222,891,1452
211,69.11,0,0,0,0,3053,832,1527
235,65.62,0,0,0,0,3581,1042,1579
0,,0,0,0,0,0,0,0
145,44.6,0,0,0,0,3251,973,1445
216,72.12,0,0,0,0,2995,917,1107
169,60.1,1,1,0,0,2812,667,1419
219,65.31,2,2,0,0,3353,947,1484
166,54.12,2,8,0,0,3067,898,1271
161,52.44,0,0,0,0,3070,856,1299
